mean,median,min,max,stdev,N
42.10140697166823,42,16,80,13.172306908941463,10155
