mean,median,min,max,stdev,wtd_mean,wtd_median,wtd_min,wtd_max,wtd_stdev,N
42.14938453963565,42,16,80,13.024500721034983,42.10140697166823,42,16,80,13.172306908941463,10155
