outsourcing_status,mean,median,min,max,stdev
Not outsourced,42.9025974025974,43,16,80,12.8909458141598
Outsourced,38.31372549019608,35,16,78,12.964791637371642
