outsourcing_status,mean,median,min,max,stdev
Not outsourced,42.911355051935786,43,16,80,12.902019123653613
Outsourced,38.31372549019608,35,16,78,12.964791637371642
