outsourcing_status,mean,median,min,max,stdev
Not outsourced,42.80281500375411,43,16,80,13.082220895286664
Outsourced,38.633426750433635,36,16,78,13.070694352338759
