contrast,Ethnicity_collapsed,estimate,SE,df,z.ratio,p.value
Born in UK - Not born in UK,White/White British,-0.597692887553468,0.09278362907211467,Inf,-6.441792518041306,1.180706197133862e-10
Born in UK - Not born in UK,Arab/British Arab,-0.3709478127877883,0.767500063375042,Inf,-0.4833195858728199,0.6288688354113166
Born in UK - Not born in UK,Asian/Asian British,-0.046645010690276045,0.15792111622407787,Inf,-0.29536905390214174,0.7677119706857819
Born in UK - Not born in UK,Black/African/Caribbean/Black British,-0.3103991494177096,0.25181995959330683,Inf,-1.2326232992770274,0.21771634005020826
Born in UK - Not born in UK,Mixed/Multiple ethnic group,-1.0027845406260436,0.3695312086351635,Inf,-2.7136667139150576,0.0066543076264974545
Born in UK - Not born in UK,Other ethnic group,2.013447559835769,0.816680854038204,Inf,2.4654031619328016,0.013685916372998897
Born in UK - Not born in UK,Prefer not to say,-0.6701001673212102,0.26962444946419845,Inf,-2.485309357711598,0.01294388961669764
