contrast,Ethnicity_collapsed,estimate,SE,df,z.ratio,p.value
Born in UK - Not born in UK,White British,-0.9090946655852324,0.1319059731798941,Inf,-6.891990132587885,5.501719088037071e-12
Born in UK - Not born in UK,Arab/British Arab,-0.37094781278781286,0.7675757344056897,Inf,-0.48327193807791013,0.6289026623538969
Born in UK - Not born in UK,Asian/Asian British,-0.046645010690291255,0.15793668632523644,Inf,-0.29533993510688167,0.7677342125293349
Born in UK - Not born in UK,Black/African/Caribbean/Black British,-0.3103991494177326,0.25184478757285833,Inf,-1.2325017817886526,0.21776170145501828
Born in UK - Not born in UK,Mixed/Multiple ethnic group,-1.002784540626057,0.36956764225744965,Inf,-2.713399188578023,0.006659682808354541
Born in UK - Not born in UK,Other ethnic group,2.0134475598357575,0.8167613740080236,Inf,2.4651601115211137,0.013695203885564411
Born in UK - Not born in UK,Prefer not to say,-0.6701001673212374,0.2696510328626253,Inf,-2.485064344858721,0.012952802007088409
Born in UK - Not born in UK,White other,-0.25486630680525113,0.2596115947200576,Inf,-0.9817215871274032,0.32623702746702715
