outsourcing_status,income_group,Ethnicity_binary,n,Frequency,N,Sum,Percentage
Not outsourced,Not low,White British,4487,4318.642699413699,5280,5120.091653802492,84.34698031638578
Not outsourced,Not low,Non-White British,793,801.4489543887933,5280,5120.091653802492,15.653019683614225
Not outsourced,Low,White British,1394,1539.1528508503025,1644,1788.0524687427219,86.07984820113056
Not outsourced,Low,Non-White British,250,248.89961789241931,1644,1788.0524687427219,13.920151798869435
Outsourced,Not low,White British,701,684.3702695751167,986,956.4920923346727,71.55001855840312
Outsourced,Not low,Non-White British,285,272.12182275955604,986,956.4920923346727,28.449981441596872
Outsourced,Low,White British,281,326.92978567146855,381,434.1318790001437,75.30656039921001
Outsourced,Low,Non-White British,100,107.20209332867519,381,434.1318790001437,24.693439600789993
