predicted_group,(Intercept),Ethnicity_collapsedArab/British Arab,Ethnicity_collapsedAsian/Asian British,Ethnicity_collapsedBlack/African/Caribbean/Black British,Ethnicity_collapsedMixed/Multiple ethnic group,Ethnicity_collapsedOther ethnic group,Ethnicity_collapsedPrefer not to say,(Intercept)_or,Ethnicity_collapsedArab/British Arab_or,Ethnicity_collapsedAsian/Asian British_or,Ethnicity_collapsedBlack/African/Caribbean/Black British_or,Ethnicity_collapsedMixed/Multiple ethnic group_or,Ethnicity_collapsedOther ethnic group_or,Ethnicity_collapsedPrefer not to say_or,(Intercept)_p,Ethnicity_collapsedArab/British Arab_p,Ethnicity_collapsedAsian/Asian British_p,Ethnicity_collapsedBlack/African/Caribbean/Black British_p,Ethnicity_collapsedMixed/Multiple ethnic group_p,Ethnicity_collapsedOther ethnic group_p,Ethnicity_collapsedPrefer not to say_p
Outsourced,-2.1052063446174,0.6903635555954108,0.5843530421008549,0.8333621642320783,0.586991546307458,0.19593648377784523,0.36024097072468114,0.12182053466384178,1.9944404914541725,1.7938300776126472,2.3010422310520684,1.7985693553710562,1.2164496385950114,1.4336748466059073,0,0.168368131513559,6.632546734053335e-9,5.353873122615482e-9,0.003807049161874243,0.669673172152768,0.01807724992652182
Likely agency,-3.625935019645045,1.8371461835184497,0.7096212841551455,1.0038569147539889,0.8248041600320293,1.5643741075146091,0.21378203416684216,0.026624191552336463,6.2785947123362105,2.033221099773695,2.7287862540639773,2.281433925629273,4.779682432183308,1.238352706795321,0,0.0018023732063492393,1.978081952347388e-4,1.0725837525327186e-4,0.02242416817924342,0.0015799611660234358,0.5144943469104688
High indicators,-3.5562843293748068,1.8267109421693986,0.9144725057510004,0.5968815985419325,0.4237060348373405,0.41891181394383636,0.15454347023676054,0.028544690579332205,6.213416726643759,2.495458564621479,1.8164455527958077,1.5276124629267338,1.5203062790635669,1.1671250121553824,0,0.0014571562926593007,7.711723526426795e-8,0.04649529263676655,0.31317819205888253,0.6049171878413131,0.6352983471931959
