outsourcing_status,income_group,Ethnicity_binary,n,Frequency,N,Sum,Percentage
Not outsourced,Not low,White British,4179,4020.7965160377407,5280,5120.091653802492,78.52977618187073
Not outsourced,Not low,Non-White British,1101,1099.2951377647514,5280,5120.091653802492,21.47022381812927
Not outsourced,Low,White British,1300,1433.6456180029384,1644,1788.0524687427219,80.17916940720501
Not outsourced,Low,Non-White British,344,354.40685073978347,1644,1788.0524687427219,19.820830592794987
Outsourced,Not low,White British,642,621.2018141480502,986,956.4920923346729,64.94583898041199
Outsourced,Not low,Non-White British,344,335.29027818662263,986,956.4920923346729,35.05416101958801
Outsourced,Low,White British,260,298.0997998400433,381,434.1318790001437,68.66572446294474
Outsourced,Low,Non-White British,121,136.0320791601004,381,434.1318790001437,31.334275537055266
