predicted_group,(Intercept),Ethnicity_collapsedArab/British Arab,Ethnicity_collapsedAsian/Asian British,Ethnicity_collapsedBlack/African/Caribbean/Black British,Ethnicity_collapsedMixed/Multiple ethnic group,Ethnicity_collapsedOther ethnic group,Ethnicity_collapsedPrefer not to say,Ethnicity_collapsedWhite other,(Intercept)_or,Ethnicity_collapsedArab/British Arab_or,Ethnicity_collapsedAsian/Asian British_or,Ethnicity_collapsedBlack/African/Caribbean/Black British_or,Ethnicity_collapsedMixed/Multiple ethnic group_or,Ethnicity_collapsedOther ethnic group_or,Ethnicity_collapsedPrefer not to say_or,Ethnicity_collapsedWhite other_or,(Intercept)_p,Ethnicity_collapsedArab/British Arab_p,Ethnicity_collapsedAsian/Asian British_p,Ethnicity_collapsedBlack/African/Caribbean/Black British_p,Ethnicity_collapsedMixed/Multiple ethnic group_p,Ethnicity_collapsedOther ethnic group_p,Ethnicity_collapsedPrefer not to say_p,Ethnicity_collapsedWhite other_p
Outsourced,-2.136216235941495,0.7213748393700092,0.6153610472837786,0.8643987812572361,0.6180132674715553,-0.5984284590152302,0.39125057709114247,0.39713097117860335,0.11810086447595206,2.057259668822716,1.8503245336201544,2.373578616957607,1.855238515302347,0.5496747941395411,1.4788290276660663,1.4875507435676676,0,0.15015951713365117,1.2987464437230756e-9,1.607042277029791e-9,0.002352646645524592,0.4752120056381888,0.0104641196143469,0.00113249512083069
Likely agency,-3.632230659879277,1.8433213460387683,0.7159381486724649,1.0101506531993332,0.8311016332161902,1.8488193485130322,0.2200278985663165,0.11401712327967588,0.026457101741348618,6.3174860115451645,2.0461053331299515,2.7460146797530967,2.2958465284558445,6.352315223078531,1.2461114948266185,1.1207713160005417,0,0.0017517164133178387,1.895018065605214e-4,1.0223693665079026e-4,0.021636158100164504,7.811702268976095e-4,0.5031589648091697,0.6784871792869669
High indicators,-3.5432403431791095,1.81363570915752,0.9014317994906788,0.5838743091982979,0.4107563074180129,0.8630538703386919,0.1415413190555249,-0.23791426020504372,0.028919466098708768,6.132703676015231,2.4631272919968796,1.7929715176597443,1.507957833640565,2.3703885108447604,1.152048104817007,0.7882702743281337,0,0.001584099476623635,1.3686513922195331e-7,0.0518701827679533,0.3285958923916563,0.29224349159481533,0.6644590895820612,0.4414792813326889
