variable,Estimate,or,Std. Error,t value,Pr(>|t|)
(Intercept),-1.7517072520377448,0.17,0.0320463136496665,-54.661739605609036,0
Ethnicity_binaryNon-White British,0.6035269605176026,1.83,0.06046447991915198,9.981512473514833,2.3729415288669662e-23
