variable,Estimate,or,Std. Error,t value,Pr(>|t|)
(Intercept),-1.7517072520377732,0.173,0.032043771079039614,-54.66607683961378,0
Ethnicity_binaryNon-White British,0.5620593958575298,1.754,0.05774630948318496,9.7332522352999,2.7220653989170394e-22
