outsourcing_status,Gender,n,Frequency,N,Sum,Percentage
Not outsourced,Female,4471,4382.941858933264,8472,8446.644209397018,51.88974165689583
Not outsourced,Male,3931,3993.63827417163,8472,8446.644209397018,47.280768257394435
Not outsourced,Other,12,12.758640552668119,8472,8446.644209397018,0.15104981619178348
Not outsourced,Prefer not to say,58,57.30543573945607,8472,8446.644209397018,0.6784402695179573
Outsourced,Female,700,734.6663802428267,1683,1708.3557906029905,43.004295960124026
Outsourced,Male,973,963.5370083001231,1683,1708.3557906029905,56.401424902246376
Outsourced,Other,2,2.6153855664824612,1683,1708.3557906029905,0.15309372794992082
Outsourced,Prefer not to say,8,7.53701649355817,1683,1708.3557906029905,0.44118540967967007
