outsourcing_status,Gender,n,mean,median,min,max,stdev
Not outsourced,Female,4321,23750.326809584614,22199.18007746204,2234.05714285714,66249.36650576537,12612.377638430227
Not outsourced,Male,3576,30197.255005164385,28000,2400,66000,13346.555345110273
Not outsourced,Other,11,28154.059403446023,29713.061939871586,10800,50000,15199.137983608283
Not outsourced,Prefer not to say,57,28650.675448921706,25260.519169174346,13684.996285714287,64000,17065.444203643983
Outsourced,Female,666,20318.319273321566,19600.5,2400,65000,11603.483768650338
Outsourced,Male,863,27983.88964219167,26000,3600,66085.73480086007,13040.671561991016
Outsourced,Other,2,16230,21011.54585156872,8460,24000,9886.686906912653
Outsourced,Prefer not to say,7,21245.295239336963,28425.081931217144,11635.714285714286,42000.5,16565.97782782231
