outsourcing_status,Gender,n,mean,median,min,max,stdev
Not outsourced,Female,4321,510.2894035208481,476.9621256667715,48,1423.4056646419813,270.9841727102872
Not outsourced,Male,3576,648.805356157614,601.596071209331,51.5653775322284,1418.04788213628,286.75840213557984
Not outsourced,Other,11,604.9061259181159,638.4021902366517,232.04419889502762,1074.2786985880907,326.5622034538304
Not outsourced,Prefer not to say,57,615.5762066987475,542.7367531744028,294.03000000000003,1375.0767341927562,366.6608637983667
Outsourced,Female,666,436.5507517288243,421.127992633517,51.5653775322284,1396.56230816452,249.3075088414744
Outsourced,Male,863,601.2499309249283,558.624923265807,77.3480662983425,1419.8899435421126,280.1863134866087
Outsourced,Other,2,348.7108655616942,451.4451226549449,181.76795580110496,515.6537753222835,212.42114287412082
Outsourced,Prefer not to say,7,456.4673624166935,610.7292004865562,250,902.4048496009822,355.9295420342424
