outsourcing_status,income_group,n,perc
Not outsourced,Not low,3973.544488021113,57.51234678123222
Not outsourced,Low,2935.4841126302254,42.48765321876779
Outsourced,Not low,713.588419107278,51.33590376240564
Outsourced,Low,676.4492870757654,48.664096237594364
