outsourcing_status,mean,median,min,max,stdev
Not outsourced,27698.883144605214,26000,2000,68000,13244.017879928097
Outsourced,25970.637626263746,24000,2400,68000,13088.89851662856
