outsourcing_status,mean,median,min,max,stdev
Not outsourced,27106.725259868377,25200.5,2000,66669,13309.129759805071
Outsourced,25058.37055345039,24000,2400,66108,13022.178137994702
