outsourcing_status,mean,median,min,max,stdev
Not outsourced,27174.961563210512,25200.5,2000,68000,13400.96615588319
Outsourced,25104.04282575668,24000,2400,68000,13090.347514673362
