outsourcing_status,mean,median,min,max,stdev
Not outsourced,30859.592229705777,28000,9600,88000,14661.927662683043
Outsourced,29810.188693126816,26000,9600,84000,14598.753306579154
