outsourcing_group,n,mean,median,min,max,stdev
Not outsourced,6924,26781.287474490917,25120.671499944565,2000,66250,13365.62863744214
Outsourced,897,23680.858168681018,22165.734394439743,2400,66000,12783.866578045157
Likely agency,231,25081.114256824025,22800,3194.70171428571,65846.66939498132,13702.899411836015
High indicators,239,27921.518966000807,25860.3578859636,4644,65000,12629.15038140252
