outsourcing_status,mean,median,min,max,stdev
Not outsourced,28376.187709448954,26400,1440,68000,13296.979718365743
Outsourced,27042.420874418603,25000,2400,68000,13212.249144181993
