variable,Estimate,Std. Error,t value,Pr(>|t|)
(Intercept),27106.72525986884,159.6232390175484,169.81691028640776,0
outsourcing_statusOutsourced,-2048.3547064179893,390.0294906023038,-5.251794430351443,1.5436516164960208e-7
