variable,Estimate,Std. Error,t value,Pr(>|t|)
(Intercept),26781.28747449141,159.98744510637158,167.39618197343682,0
outsourcing_groupOutsourced,-3100.4293058099292,463.9672984344893,-6.682430671884303,2.5019370249317752e-11
outsourcing_groupLikely agency,-1700.1732176669116,893.6078693416135,-1.9025942765248407,0.057128134644336304
outsourcing_groupHigh indicators,1140.2314915098623,892.0253014370496,1.278250168098319,0.20119703241917478
