outsourcing_status,Sum,Proportion,Percentage
Not outsourced,8446.644209397018,0.8317719556274752,83.17719556274751
Outsourced,1708.3557906029905,0.16822804437252475,16.822804437252476
