outsourcing_status,n,Proportion,Percentage
Not outsourced,8472,0.8342688330871492,83.42688330871492
Outsourced,1683,0.1657311669128508,16.57311669128508
